{"cameraMode":{"drawMode":0,"name":"Shaded","section":"Shading Mode"},"sceneLighting":false,"audioPlay":false,"sceneViewState":{"showFog":true,"showMaterialUpdate":false,"showSkybox":false,"showFlares":true,"showImageEffects":true,"showParticleSystems":true},"in2DMode":false,"pivot":{"x":0.5984908938407898,"y":1.285893440246582,"z":-0.007257968187332153},"rotation":{"x":-0.31783297657966616,"y":0.6279200315475464,"z":-0.31291458010673525,"w":-0.6377953290939331},"size":2.4253036975860597,"orthographic":false}