{"cameraMode":{"drawMode":0,"name":"Shaded","section":"Shading Mode"},"sceneLighting":true,"audioPlay":false,"sceneViewState":{"showFog":true,"showMaterialUpdate":false,"showSkybox":true,"showFlares":true,"showImageEffects":true,"showParticleSystems":true},"in2DMode":false,"pivot":{"x":17.28390884399414,"y":-102.25636291503906,"z":12.271181106567383},"rotation":{"x":0.6577898263931274,"y":-0.0033893324434757234,"z":0.0029604551382362844,"w":0.7531744241714478},"size":76.02120971679688,"orthographic":false}