{"cameraMode":{"drawMode":0,"name":"Shaded","section":"Shading Mode"},"sceneLighting":true,"audioPlay":false,"sceneViewState":{"showFog":true,"showMaterialUpdate":false,"showSkybox":true,"showFlares":true,"showImageEffects":true,"showParticleSystems":true},"in2DMode":false,"pivot":{"x":-1.2787871360778809,"y":-33.74980545043945,"z":9.463091850280762},"rotation":{"x":0.5286065936088562,"y":-0.03181171417236328,"z":0.019839376211166383,"w":0.8480373024940491},"size":34.207759857177737,"orthographic":false}