{"cameraMode":{"drawMode":0,"name":"Shaded","section":"Shading Mode"},"sceneLighting":false,"audioPlay":false,"sceneViewState":{"showFog":true,"showMaterialUpdate":false,"showSkybox":false,"showFlares":true,"showImageEffects":true,"showParticleSystems":true},"in2DMode":false,"pivot":{"x":0.02225612848997116,"y":2.01460599899292,"z":-0.8782964944839478},"rotation":{"x":-0.017290901392698289,"y":0.9421952962875366,"z":-0.3309723436832428,"w":-0.049226775765419009},"size":2.390697479248047,"orthographic":false}