{"cameraMode":{"drawMode":0,"name":"Shaded","section":"Shading Mode"},"sceneLighting":true,"audioPlay":false,"sceneViewState":{"showFog":true,"showMaterialUpdate":false,"showSkybox":true,"showFlares":true,"showImageEffects":true,"showParticleSystems":true},"in2DMode":false,"pivot":{"x":1.3094936609268189,"y":0.4711341857910156,"z":-7.319087982177734},"rotation":{"x":0.5752323269844055,"y":-0.002452156273648143,"z":0.0017292930278927088,"w":0.8179745674133301},"size":21.81781005859375,"orthographic":false}